{
  "ABIRoot": {
    "kind": "Root",
    "name": "TopLevel",
    "printedName": "TopLevel",
    "children": [
      {
        "kind": "Import",
        "name": "UIKit",
        "printedName": "UIKit",
        "declKind": "Import",
        "moduleName": "Zoloz",
        "declAttributes": [
          "RawDocComment"
        ]
      },
      {
        "kind": "TypeDecl",
        "name": "ZolozConfigurator",
        "printedName": "ZolozConfigurator",
        "children": [
          {
            "kind": "Var",
            "name": "shared",
            "printedName": "shared",
            "children": [
              {
                "kind": "TypeNominal",
                "name": "ZolozConfigurator",
                "printedName": "Zoloz.ZolozConfigurator",
                "usr": "s:5Zoloz0A12ConfiguratorC"
              }
            ],
            "declKind": "Var",
            "usr": "s:5Zoloz0A12ConfiguratorC6sharedACvpZ",
            "mangledName": "$s5Zoloz0A12ConfiguratorC6sharedACvpZ",
            "moduleName": "Zoloz",
            "static": true,
            "declAttributes": [
              "HasInitialValue",
              "Final",
              "HasStorage",
              "AccessControl"
            ],
            "isLet": true,
            "hasStorage": true,
            "accessors": [
              {
                "kind": "Accessor",
                "name": "Get",
                "printedName": "Get()",
                "children": [
                  {
                    "kind": "TypeNominal",
                    "name": "ZolozConfigurator",
                    "printedName": "Zoloz.ZolozConfigurator",
                    "usr": "s:5Zoloz0A12ConfiguratorC"
                  }
                ],
                "declKind": "Accessor",
                "usr": "s:5Zoloz0A12ConfiguratorC6sharedACvgZ",
                "mangledName": "$s5Zoloz0A12ConfiguratorC6sharedACvgZ",
                "moduleName": "Zoloz",
                "static": true,
                "implicit": true,
                "declAttributes": [
                  "Final"
                ],
                "accessorKind": "get"
              }
            ]
          },
          {
            "kind": "Var",
            "name": "delegate",
            "printedName": "delegate",
            "children": [
              {
                "kind": "TypeNominal",
                "name": "WeakStorage",
                "printedName": "Zoloz.ZolozWireframe?"
              }
            ],
            "declKind": "Var",
            "usr": "s:5Zoloz0A12ConfiguratorC8delegateAA0A9Wireframe_pSgvp",
            "mangledName": "$s5Zoloz0A12ConfiguratorC8delegateAA0A9Wireframe_pSgvp",
            "moduleName": "Zoloz",
            "declAttributes": [
              "HasInitialValue",
              "HasStorage",
              "ReferenceOwnership",
              "AccessControl"
            ],
            "ownership": 1,
            "hasStorage": true,
            "accessors": [
              {
                "kind": "Accessor",
                "name": "Get",
                "printedName": "Get()",
                "children": [
                  {
                    "kind": "TypeNominal",
                    "name": "Optional",
                    "printedName": "Zoloz.ZolozWireframe?",
                    "children": [
                      {
                        "kind": "TypeNominal",
                        "name": "ZolozWireframe",
                        "printedName": "Zoloz.ZolozWireframe",
                        "usr": "s:5Zoloz0A9WireframeP"
                      }
                    ],
                    "usr": "s:Sq"
                  }
                ],
                "declKind": "Accessor",
                "usr": "s:5Zoloz0A12ConfiguratorC8delegateAA0A9Wireframe_pSgvg",
                "mangledName": "$s5Zoloz0A12ConfiguratorC8delegateAA0A9Wireframe_pSgvg",
                "moduleName": "Zoloz",
                "implicit": true,
                "accessorKind": "get"
              },
              {
                "kind": "Accessor",
                "name": "Set",
                "printedName": "Set()",
                "children": [
                  {
                    "kind": "TypeNominal",
                    "name": "Void",
                    "printedName": "()"
                  },
                  {
                    "kind": "TypeNominal",
                    "name": "Optional",
                    "printedName": "Zoloz.ZolozWireframe?",
                    "children": [
                      {
                        "kind": "TypeNominal",
                        "name": "ZolozWireframe",
                        "printedName": "Zoloz.ZolozWireframe",
                        "usr": "s:5Zoloz0A9WireframeP"
                      }
                    ],
                    "usr": "s:Sq"
                  }
                ],
                "declKind": "Accessor",
                "usr": "s:5Zoloz0A12ConfiguratorC8delegateAA0A9Wireframe_pSgvs",
                "mangledName": "$s5Zoloz0A12ConfiguratorC8delegateAA0A9Wireframe_pSgvs",
                "moduleName": "Zoloz",
                "implicit": true,
                "accessorKind": "set"
              },
              {
                "kind": "Accessor",
                "name": "Modify",
                "printedName": "Modify()",
                "children": [
                  {
                    "kind": "TypeNominal",
                    "name": "Void",
                    "printedName": "()"
                  }
                ],
                "declKind": "Accessor",
                "usr": "s:5Zoloz0A12ConfiguratorC8delegateAA0A9Wireframe_pSgvM",
                "mangledName": "$s5Zoloz0A12ConfiguratorC8delegateAA0A9Wireframe_pSgvM",
                "moduleName": "Zoloz",
                "implicit": true,
                "accessorKind": "_modify"
              }
            ]
          },
          {
            "kind": "Function",
            "name": "createModule",
            "printedName": "createModule(clientCfg:)",
            "children": [
              {
                "kind": "TypeNominal",
                "name": "UIViewController",
                "printedName": "UIKit.UIViewController",
                "usr": "c:objc(cs)UIViewController"
              },
              {
                "kind": "TypeNominal",
                "name": "String",
                "printedName": "Swift.String",
                "usr": "s:SS"
              }
            ],
            "declKind": "Func",
            "usr": "s:5Zoloz0A12ConfiguratorC12createModule9clientCfgSo16UIViewControllerCSS_tF",
            "mangledName": "$s5Zoloz0A12ConfiguratorC12createModule9clientCfgSo16UIViewControllerCSS_tF",
            "moduleName": "Zoloz",
            "declAttributes": [
              "AccessControl"
            ],
            "funcSelfKind": "NonMutating"
          }
        ],
        "declKind": "Class",
        "usr": "s:5Zoloz0A12ConfiguratorC",
        "mangledName": "$s5Zoloz0A12ConfiguratorC",
        "moduleName": "Zoloz",
        "declAttributes": [
          "AccessControl"
        ],
        "hasMissingDesignatedInitializers": true
      },
      {
        "kind": "Import",
        "name": "Foundation",
        "printedName": "Foundation",
        "declKind": "Import",
        "moduleName": "Zoloz",
        "declAttributes": [
          "RawDocComment"
        ]
      },
      {
        "kind": "Import",
        "name": "UIKit",
        "printedName": "UIKit",
        "declKind": "Import",
        "moduleName": "Zoloz",
        "declAttributes": [
          "RawDocComment"
        ]
      },
      {
        "kind": "Import",
        "name": "CommonZoloz",
        "printedName": "CommonZoloz",
        "declKind": "Import",
        "moduleName": "Zoloz"
      },
      {
        "kind": "Import",
        "name": "Foundation",
        "printedName": "Foundation",
        "declKind": "Import",
        "moduleName": "Zoloz",
        "declAttributes": [
          "RawDocComment"
        ]
      },
      {
        "kind": "Import",
        "name": "Foundation",
        "printedName": "Foundation",
        "declKind": "Import",
        "moduleName": "Zoloz",
        "declAttributes": [
          "RawDocComment"
        ]
      },
      {
        "kind": "Import",
        "name": "UIKit",
        "printedName": "UIKit",
        "declKind": "Import",
        "moduleName": "Zoloz",
        "declAttributes": [
          "RawDocComment"
        ]
      },
      {
        "kind": "Import",
        "name": "UIKit",
        "printedName": "UIKit",
        "declKind": "Import",
        "moduleName": "Zoloz",
        "declAttributes": [
          "RawDocComment"
        ]
      },
      {
        "kind": "TypeDecl",
        "name": "ZolozWireframe",
        "printedName": "ZolozWireframe",
        "declKind": "Protocol",
        "usr": "s:5Zoloz0A9WireframeP",
        "mangledName": "$s5Zoloz0A9WireframeP",
        "moduleName": "Zoloz",
        "genericSig": "<τ_0_0 : AnyObject>",
        "sugared_genericSig": "<Self : AnyObject>",
        "declAttributes": [
          "AccessControl"
        ]
      }
    ],
    "json_format_version": 8
  },
  "ConstValues": [
    {
      "filePath": "\/Users\/reynaldohutahaean\/Work\/Maverick\/Zoloz\/Zoloz\/Scene\/ZolozPresenter.swift",
      "kind": "StringLiteral",
      "offset": 328,
      "length": 2,
      "value": "\"\""
    },
    {
      "filePath": "\/Users\/reynaldohutahaean\/Work\/Maverick\/Zoloz\/Zoloz\/Scene\/ZolozPresenter.swift",
      "kind": "StringLiteral",
      "offset": 502,
      "length": 34,
      "value": "\"meta: \""
    },
    {
      "filePath": "\/Users\/reynaldohutahaean\/Work\/Maverick\/Zoloz\/Zoloz\/Scene\/ZolozPresenter.swift",
      "kind": "StringLiteral",
      "offset": 535,
      "length": 2,
      "value": "\"\""
    },
    {
      "filePath": "\/Users\/reynaldohutahaean\/Work\/Maverick\/Zoloz\/Zoloz\/Scene\/ZolozPresenter.swift",
      "kind": "Dictionary",
      "offset": 4518,
      "length": 3,
      "value": "[]"
    },
    {
      "filePath": "\/Users\/reynaldohutahaean\/Work\/Maverick\/Zoloz\/Zoloz\/Scene\/ZolozPresenter.swift",
      "kind": "StringLiteral",
      "offset": 4676,
      "length": 11,
      "value": "\"publicKey\""
    },
    {
      "filePath": "\/Users\/reynaldohutahaean\/Work\/Maverick\/Zoloz\/Zoloz\/Scene\/ZolozPresenter.swift",
      "kind": "StringLiteral",
      "offset": 4723,
      "length": 4,
      "value": "\"ID\""
    },
    {
      "filePath": "\/Users\/reynaldohutahaean\/Work\/Maverick\/Zoloz\/Zoloz\/Scene\/ZolozPresenter.swift",
      "kind": "StringLiteral",
      "offset": 5046,
      "length": 19,
      "value": "\"resp: \""
    },
    {
      "filePath": "\/Users\/reynaldohutahaean\/Work\/Maverick\/Zoloz\/Zoloz\/Scene\/ZolozPresenter.swift",
      "kind": "StringLiteral",
      "offset": 5064,
      "length": 2,
      "value": "\"\""
    },
    {
      "filePath": "\/Users\/reynaldohutahaean\/Work\/Maverick\/Zoloz\/Zoloz\/Scene\/ZolozViewController.swift",
      "kind": "StringLiteral",
      "offset": 127,
      "length": 19,
      "value": "\"Zoloz.ZolozViewController\""
    }
  ]
}