{
  "color": {
    "zface_progress_bg_color": "#FFD4E3FA",
    "zface_progress_start_color": "#FF0064FF",
    "zface_progress_end_color": "#FFD4E3FA",
    "zface_top_tip_color": "#FF0064FF",
    "dialog_title": "#FF333333",
    "dialog_message": "#FF4A4A4A",
    "dialog_cancel": "#FF007AFF",
    "dialog_ok": "#FF007AFF",
    "titlebar_color": "#FFFFFFFF",
    "title_color": "#FF000000",
    "zface_garfield_border_color": "#FFFFFFFF",
    "zface_garfield_dialog_bg_color": "#FFE8E9EC",
    "zface_garfield_loading_color": "#FF108EE9",
    "zface_garfield_remind_txt_color": "#FF000000",
    "zdoc_frame_tips_color": "#FFFFFFFF",
    "zdoc_line_color": "#FFFFFFFF",
    "zdoc_line_cornor_color": "#FFFFFFFF",
    "zdoc_frame_bg_color": "#80000000",
    "zdoc_message_view_bg_color": "#FFFFFFFF",
    "zdoc_message_tips_color": "#FF000000",
    "zdoc_confirm_btn_normal_color": "#FF0064FF",
    "zdoc_confirm_btn_press_color": "#FF000000",
    "zdoc_retake_text_color": "#FF0064FF",
    "zdoc_retake_border_color": "#FF0064FF",
    "zdoc_retake_bg": "#FFFFFFFF",
    "zdoc_submit_text_color": "#FFFFFFFF",
    "zdoc_submit_border_color": "#FF0064FF",
    "zdoc_submit_bg": "#FF0064FF",
    "brand_text_color": "#FF9B9B9B",
    "zdoc_scan_retake_text_color": "#FF0064FF",
    "zdoc_scan_retake_border_color": "#FF0064FF",
    "zdoc_scan_retake_bg": "#FFFFFFFF",
    "zdoc_scan_submit_text_color": "#FFFFFFFF",
    "zdoc_scan_submit_border_color": "#FF0064FF",
    "zdoc_scan_submit_bg": "#FF0064FF",
    "zdoc_scan_confirm_bg_color": "#FFFFFFFF",
    "zdoc_line_color_light": "#FF0064FF",
    "zdoc_scan_frame_tips_color": "#FF000000",
    "zface_common_remind_color": "#FF0064FF"
  },
  "image": {
    "title_bar_back": "img/img-back-black.png"
  },
  "bool": {
    "title_bar_with_line": true,
    "title_bar_left": true,
    "show_exit_dialog": true,
    "zface_show_common_remind": true
  }
}
