{
    "title_back": "",
    "system_error_title": "系统错误",
    "system_error_msg": "系统错误，请稍后再试",
    "system_error_got_it": "我知道了",
    "network_error_title": "网络异常",
    "network_error_msg": "请检查网络，稍后再试",
    "network_error_retry": "再试一次",
    "network_error_exit": "退出",
    "zdoc_title": "证件验证",
    "zdoc_submit": "确认清晰",
    "zdoc_retry": "重新拍摄",
    "zdoc_processing": "正在处理...",
    "zdoc_success": "正在处理...",
    "zdoc_user_cancel_title": "确定退出吗？",
    "zdoc_user_cancel_msg": "保证证件清晰无反光，更容易成功",
    "zdoc_user_cancel_stay": "再试一次",
    "zdoc_user_cancel_quit": "退出",
    "zdoc_camera_permission_title": "无法启动相机",
    "zdoc_camera_permission_msg": "请开启相机权限，或返回重试",
    "zdoc_camera_permission_not_allow": "退出",
    "zdoc_camera_permission_settings": "开启权限",
    "zdoc_retry_max_title": "操作失败",
    "zdoc_retry_max_msg": "尝试次数过多，请稍后再试",
    "zdoc_retry_max_got_it": "我知道了",
    "zdoc_expired_document_title": "证件已过期",
    "zdoc_expired_document_msg": "确保证件类型符合要求，在有效期之内",
    "zdoc_noface_title": "证件不完整",
    "zdoc_noface_msg": "请确保证件清晰无反光",
    "zdoc_exposure_title": "证件不完整",
    "zdoc_exposure_msg": "请确保证件清晰无反光",
    "zdoc_blur_title": "证件不完整",
    "zdoc_blur_msg": "请确保证件清晰无反光",
    "zdoc_imperfect_title": "证件不完整",
    "zdoc_imperfect_msg": "请确保证件清晰无反光",
    "zdoc_wrong_document_title": "没有检测到证件",
    "zdoc_wrong_document_msg": "没有检测到符合要求的证件",
    "zdoc_unknow_title": "没有检测到证件",
    "zdoc_unknow_msg": "没有检测到符合要求的证件",
    "zdoc_no_document_title": "没有检测到证件",
    "zdoc_no_document_msg": "没有检测到符合要求的证件",
    "zdoc_dialog_close": "退出",
    "zdoc_dialog_retry": "再试一次",
    "zface_title": "扫描人脸",
    "zface_no_face": "没有检测到脸",
    "zface_not_in_center": "请将你的脸正对屏幕",
    "zface_bad_pitch": "请将你的脸正对屏幕",
    "zface_bad_yaw": "请将你的脸正对屏幕",
    "zface_bad_quality": "请将你的脸正对屏幕",
    "zface_distance_too_far": "靠近一点",
    "zface_distance_too_close": "离远一点",
    "zface_bad_brightness": "脸部亮一点",
    "zface_bad_eye_openness": "请注视屏幕",
    "zface_blink_openness": "眨眨眼",
    "zface_stack_time": "请保持不动",
    "zface_is_blur": "再清晰一点",
    "zface_is_moving": "再清晰一点",
    "zface_processing": "正在处理...",
    "zface_user_cancel_title": "确定退出吗？",
    "zface_user_cancel_msg": "请对准手机操作，更容易成功",
    "zface_user_cancel_stay": "再试一次",
    "zface_user_cancel_quit": "退出",
    "zface_camera_without_permission_title": "无法启动相机",
    "zface_camera_without_permission_msg": "请开启相机权限，或返回重试",
    "zface_camera_without_permission_go_settings": "开启权限",
    "zface_camera_without_permission_quit": "退出",
    "zface_retry_max_title": "操作失败",
    "zface_retry_max_msg": "尝试次数过多，请稍后再试",
    "zface_retry_max_got_it": "我知道了",
    "zface_scan_fail_title": "刷脸失败",
    "zface_scan_fail_msg": "请对准手机操作，更容易成功",
    "zface_scan_fail_retry": "再试一次",
    "zface_scan_fail_quit": "退出",
    "zface_time_out_title": "操作超时",
    "zface_time_out_msg": "请对准手机操作，更容易成功",
    "zface_time_out_retry": "再试一次",
    "zface_time_out_quit": "退出",
    "zface_interrupt_title": "验证中断",
    "zface_interrupt_msg": "请对准手机操作，更容易成功",
    "zface_interrupt_retry": "再试一次",
    "zface_interrupt_close": "退出",
    "zface_device_unsupport_msg": "您的移动设备不支持刷脸认证",
    "zface_device_unsupport_got_it": "我知道了",
    "zface_camera_init_error_msg": "您的移动设备不支持刷脸认证",
    "zface_camera_init_error_got_it": "我知道了",
    "zdoc_passport_half_frame_tips_00000001003_1": "拍摄证件的人像面",
    "zdoc_capture_00000001003_1": "请把证件放入框架内部，确保清晰无反光",
    "zdoc_confirm_00000001003_1": "请检查是否清晰，无反光，无遮挡",
    "zdoc_standard_frame_tips_00860000001_1": "拍摄身份证正面",
    "zdoc_capture_00860000001_1": "请把证件放入框架内部，确保清晰无反光",
    "zdoc_confirm_00860000001_1": "请检查是否清晰，无反光，无遮挡",
    "zdoc_standard_frame_tips_00860000001_2": "拍摄身份证反面",
    "zdoc_capture_00860000001_2": "请把证件放入框架内部，确保清晰无反光",
    "zdoc_confirm_00860000001_2": "请检查是否清晰，无反光，无遮挡",
    "zdoc_standard_frame_tips_00860000006_1": "拍摄身份证正面",
    "zdoc_capture_00860000006_1": "请把证件放入框架内部，确保清晰无反光",
    "zdoc_confirm_00860000006_1": "请检查是否清晰，无反光，无遮挡",
    "zdoc_standard_frame_tips_00860000006_2": "拍摄身份证反面",
    "zdoc_capture_00860000006_2": "请把证件放入框架内部，确保清晰无反光",
    "zdoc_confirm_00860000006_2": "请检查是否清晰，无反光，无遮挡",
    "zdoc_standard_frame_tips_00860000007_1": "拍摄身份证正面",
    "zdoc_capture_00860000007_1": "请把证件放入框架内部，确保清晰无反光",
    "zdoc_confirm_00860000007_1": "请检查是否清晰，无反光，无遮挡",
    "zdoc_standard_frame_tips_00860000011_1": "拍摄身份证正面",
    "zdoc_capture_00860000011_1": "请把证件放入框架内部，确保清晰无反光",
    "zdoc_confirm_00860000011_1": "请检查是否清晰，无反光，无遮挡",
    "zdoc_scan_tips_detail": "请把证件对齐方框，四条边都变成蓝色后会自动采集",
    "zdoc_msg_too_far": "请拿近一点",
    "zdoc_msg_too_close": "请拿远一点",
    "zdoc_msg_integrity": "请拿远一点",
    "zdoc_msg_tilting": "请避免倾斜",
    "zdoc_msg_shadow": "请避免阴影",
    "zdoc_msg_occlusion": "请避免遮挡",
    "zdoc_msg_reflection": "请避免反光",
    "zdoc_msg_blur": "证件不清晰",
    "zdoc_msg_stack_time": "请保持不动",
    "zdoc_tips_00000001003_1": "拍摄证件的人像面",
    "zdoc_msg_no_card_00000001003_1": "请扫描证件的人像面",
    "zdoc_msg_wrong_card_00000001003_1": "请扫描证件的人像面",
    "zdoc_tips_00860000001_1": "拍摄身份证正面",
    "zdoc_msg_no_card_00860000001_1": "请扫描证件的人像面",
    "zdoc_msg_wrong_card_00860000001_1": "请扫描证件的人像面",
    "zdoc_tips_00860000001_2": "拍摄身份证反面",
    "zdoc_msg_no_card_00860000001_2": "请扫描证件的背面",
    "zdoc_msg_wrong_card_00860000001_2": "请扫描证件的背面",
    "zdoc_tips_00860000006_1": "拍摄身份证正面",
    "zdoc_msg_no_card_00860000006_1": "请扫描证件的人像面",
    "zdoc_msg_wrong_card_00860000006_1": "请扫描证件的人像面",
    "zdoc_tips_00860000006_2": "拍摄身份证反面",
    "zdoc_msg_no_card_00860000006_2": "请扫描证件的背面",
    "zdoc_msg_wrong_card_00860000006_2": "请扫描证件的背面",
    "zdoc_tips_00860000007_1": "拍摄身份证正面",
    "zdoc_msg_no_card_00860000007_1": "请扫描证件的人像面",
    "zdoc_msg_wrong_card_00860000007_1": "请扫描证件的人像面",
    "zdoc_tips_00860000011_1": "拍摄身份证正面",
    "zdoc_msg_no_card_00860000011_1": "请扫描证件的人像面",
    "zdoc_msg_wrong_card_00860000011_1": "请扫描证件的人像面",

    "zdoc_standard_frame_tips_00630000001_1": "拍摄证件的人像面",
    "zdoc_capture_00630000001_1": "请把证件放入框架内部，确保清晰无反光",
    "zdoc_confirm_00630000001_1": "请检查是否清晰，无反光，无遮挡",
    "zdoc_standard_frame_tips_00630000002_1": "拍摄证件的人像面",
    "zdoc_capture_00630000002_1": "请把证件放入框架内部，确保清晰无反光",
    "zdoc_confirm_00630000002_1": "请检查是否清晰，无反光，无遮挡",
    "zdoc_standard_frame_tips_00630000004_1": "拍摄证件的人像面",
    "zdoc_capture_00630000004_1": "请把证件放入框架内部，确保清晰无反光",
    "zdoc_confirm_00630000004_1": "请检查是否清晰，无反光，无遮挡",
    "zdoc_standard_frame_tips_00630000020_1": "拍摄证件的人像面",
    "zdoc_capture_00630000020_1": "请把证件放入框架内部，确保清晰无反光",
    "zdoc_confirm_00630000020_1": "请检查是否清晰，无反光，无遮挡",
    "zdoc_standard_frame_tips_00630000024_1": "拍摄证件的人像面",
    "zdoc_capture_00630000024_1": "请把证件放入框架内部，确保清晰无反光",
    "zdoc_confirm_00630000024_1": "请检查是否清晰，无反光，无遮挡",
    "zdoc_standard_frame_tips_00630000016_1": "拍摄证件的人像面",
    "zdoc_capture_00630000016_1": "请把证件放入框架内部，确保清晰无反光",
    "zdoc_confirm_00630000016_1": "请检查是否清晰，无反光，无遮挡",
    "zdoc_standard_frame_tips_00630000017_1": "拍摄证件的人像面",
    "zdoc_capture_00630000017_1": "请把证件放入框架内部，确保清晰无反光",
    "zdoc_confirm_00630000017_1": "请检查是否清晰，无反光，无遮挡",
    "zdoc_standard_frame_tips_00630000022_1": "拍摄证件的人像面",
    "zdoc_capture_00630000022_1": "请把证件放入框架内部，确保清晰无反光",
    "zdoc_confirm_00630000022_1": "请检查是否清晰，无反光，无遮挡",
    "zdoc_passport_half_frame_tips_00630000031_1": "拍摄证件的人像面",
    "zdoc_capture_00630000031_1": "请把证件放入框架内部，确保清晰无反光",
    "zdoc_confirm_00630000031_1": "请检查是否清晰，无反光，无遮挡",
    "zdoc_passport_half_frame_tips_00630000031_2": "拍摄证件的背面",
    "zdoc_capture_00630000031_2": "请把证件放入框架内部，确保清晰无反光",
    "zdoc_confirm_00630000031_2": "请检查是否清晰，无反光，无遮挡",
    "zdoc_passport_half_frame_tips_00630000032_1": "拍摄证件的人像面",
    "zdoc_capture_00630000032_1": "请把证件放入框架内部，确保清晰无反光",
    "zdoc_confirm_00630000032_1": "请检查是否清晰，无反光，无遮挡",
    "zdoc_passport_half_frame_tips_00630000032_2": "拍摄证件的背面",
    "zdoc_capture_00630000032_2": "请把证件放入框架内部，确保清晰无反光",
    "zdoc_confirm_00630000032_2": "请检查是否清晰，无反光，无遮挡",
    "zdoc_passport_half_frame_tips_00630000028_1": "拍摄证件的人像面",
    "zdoc_capture_00630000028_1": "请把证件放入框架内部，确保清晰无反光",
    "zdoc_confirm_00630000028_1": "请检查是否清晰，无反光，无遮挡",
    "zdoc_standard_frame_tips_00630000033_1": "拍摄证件的人像面",
    "zdoc_capture_00630000033_1": "请把证件放入框架内部，确保清晰无反光",
    "zdoc_confirm_00630000033_1": "请检查是否清晰，无反光，无遮挡",
    "zdoc_standard_frame_tips_00630000033_2": "拍摄证件的背面",
    "zdoc_capture_00630000033_2": "请把证件放入框架内部，确保清晰无反光",
    "zdoc_confirm_00630000033_2": "请检查是否清晰，无反光，无遮挡",
    "zdoc_standard_frame_tips_08520000001_1": "拍摄证件的人像面",
    "zdoc_capture_08520000001_1": "请把证件放入框架内部，确保清晰无反光",
    "zdoc_confirm_08520000001_1": "请检查是否清晰，无反光，无遮挡",
    "zdoc_standard_frame_tips_08520000002_1": "拍摄证件的人像面",
    "zdoc_capture_08520000002_1": "请把证件放入框架内部，确保清晰无反光",
    "zdoc_confirm_08520000002_1": "请检查是否清晰，无反光，无遮挡",
    "zdoc_standard_frame_tips_08530000001_1": "拍摄证件的人像面",
    "zdoc_capture_08530000001_1": "请把证件放入框架内部，确保清晰无反光",
    "zdoc_confirm_08530000001_1": "请检查是否清晰，无反光，无遮挡",
    "zdoc_standard_frame_tips_08530000001_2": "拍摄证件的背面",
    "zdoc_capture_08530000001_2": "请把证件放入框架内部，确保清晰无反光",
    "zdoc_confirm_08530000001_2": "请检查是否清晰，无反光，无遮挡",
    "zdoc_standard_frame_tips_00620000001_1": "拍摄证件的人像面",
    "zdoc_capture_00620000001_1": "请把证件放入框架内部，确保清晰无反光",
    "zdoc_confirm_00620000001_1": "请检查是否清晰，无反光，无遮挡",
    "zdoc_standard_frame_tips_00660000001_1": "拍摄证件的人像面",
    "zdoc_capture_00660000001_1": "请把证件放入框架内部，确保清晰无反光",
    "zdoc_confirm_00660000001_1": "请检查是否清晰，无反光，无遮挡",
    "zdoc_standard_frame_tips_00660000001_2": "拍摄证件的背面",
    "zdoc_capture_00660000001_2": "请把证件放入框架内部，确保清晰无反光",
    "zdoc_confirm_00660000001_2": "请检查是否清晰，无反光，无遮挡",
    "zdoc_standard_frame_tips_00000002001_1": "拍摄证件的人像面",
    "zdoc_capture_00000002001_1": "请把证件放入框架内部，确保清晰无反光",
    "zdoc_confirm_00000002001_1": "请检查是否清晰，无反光，无遮挡",
    "zdoc_standard_frame_tips_00000002001_2": "拍摄证件的背面",
    "zdoc_capture_00000002001_2": "请把证件放入框架内部，确保清晰无反光",
    "zdoc_confirm_00000002001_2": "请检查是否清晰，无反光，无遮挡",
    "zdoc_standard_frame_tips_00650000001_1": "拍摄证件的人像面",
    "zdoc_capture_00650000001_1": "请把证件放入框架内部，确保清晰无反光",
    "zdoc_confirm_00650000001_1": "请检查是否清晰，无反光，无遮挡",
    "zdoc_standard_frame_tips_00650000001_2": "拍摄证件的背面",
    "zdoc_capture_00650000001_2": "请把证件放入框架内部，确保清晰无反光",
    "zdoc_confirm_00650000001_2": "请检查是否清晰，无反光，无遮挡",
    "zdoc_standard_frame_tips_00650000002_1": "拍摄证件的人像面",
    "zdoc_capture_00650000002_1": "请把证件放入框架内部，确保清晰无反光",
    "zdoc_confirm_00650000002_1": "请检查是否清晰，无反光，无遮挡",
    "zdoc_standard_frame_tips_00650000002_2": "拍摄证件的背面",
    "zdoc_capture_00650000002_2": "请把证件放入框架内部，确保清晰无反光",
    "zdoc_confirm_00650000002_2": "请检查是否清晰，无反光，无遮挡",
    "zdoc_standard_frame_tips_00810000001_1": "拍摄证件的人像面",
    "zdoc_capture_00810000001_1": "请把证件放入框架内部，确保清晰无反光",
    "zdoc_confirm_00810000001_1": "请检查是否清晰，无反光，无遮挡",
    "zdoc_standard_frame_tips_08860000001_1": "拍摄证件的人像面",
    "zdoc_capture_08860000001_1": "请把证件放入框架内部，确保清晰无反光",
    "zdoc_confirm_08860000001_1": "请检查是否清晰，无反光，无遮挡",
    "zdoc_tips_00630000001_1": "拍摄证件的人像面",
    "zdoc_msg_no_card_00630000001_1": "请扫描证件的人像面",
    "zdoc_msg_wrong_card_00630000001_1": "请扫描证件的人像面",
    "zdoc_tips_00630000002_1": "拍摄证件的人像面",
    "zdoc_msg_no_card_00630000002_1": "请扫描证件的人像面",
    "zdoc_msg_wrong_card_00630000002_1": "请扫描证件的人像面",
    "zdoc_tips_00630000004_1": "拍摄证件的人像面",
    "zdoc_msg_no_card_00630000004_1": "请扫描证件的人像面",
    "zdoc_msg_wrong_card_00630000004_1": "请扫描证件的人像面",
    "zdoc_tips_00630000020_1": "拍摄证件的人像面",
    "zdoc_msg_no_card_00630000020_1": "请扫描证件的人像面",
    "zdoc_msg_wrong_card_00630000020_1": "请扫描证件的人像面",
    "zdoc_tips_00630000024_1": "拍摄证件的人像面",
    "zdoc_msg_no_card_00630000024_1": "请扫描证件的人像面",
    "zdoc_msg_wrong_card_00630000024_1": "请扫描证件的人像面",
    "zdoc_tips_00630000016_1": "拍摄证件的人像面",
    "zdoc_msg_no_card_00630000016_1": "请扫描证件的人像面",
    "zdoc_msg_wrong_card_00630000016_1": "请扫描证件的人像面",
    "zdoc_tips_00630000017_1": "拍摄证件的人像面",
    "zdoc_msg_no_card_00630000017_1": "请扫描证件的人像面",
    "zdoc_msg_wrong_card_00630000017_1": "请扫描证件的人像面",
    "zdoc_tips_00630000022_1": "拍摄证件的人像面",
    "zdoc_msg_no_card_00630000022_1": "请扫描证件的人像面",
    "zdoc_msg_wrong_card_00630000022_1": "请扫描证件的人像面",
    "zdoc_tips_00630000031_1": "拍摄证件的人像面",
    "zdoc_msg_no_card_00630000031_1": "请扫描证件的人像面",
    "zdoc_msg_wrong_card_00630000031_1": "请扫描证件的人像面",
    "zdoc_tips_00630000031_2": "拍摄证件的背面",
    "zdoc_msg_no_card_00630000031_2": "请扫描证件的背面",
    "zdoc_msg_wrong_card_00630000031_2": "请扫描证件的背面",
    "zdoc_tips_00630000032_1": "拍摄证件的人像面",
    "zdoc_msg_no_card_00630000032_1": "请扫描证件的人像面",
    "zdoc_msg_wrong_card_00630000032_1": "请扫描证件的人像面",
    "zdoc_tips_00630000032_2": "拍摄证件的背面",
    "zdoc_msg_no_card_00630000032_2": "请扫描证件的背面",
    "zdoc_msg_wrong_card_00630000032_2": "请扫描证件的背面",
    "zdoc_tips_00630000028_1": "拍摄证件的人像面",
    "zdoc_msg_no_card_00630000028_1": "请扫描证件的人像面",
    "zdoc_msg_wrong_card_00630000028_1": "请扫描证件的人像面",
    "zdoc_tips_00630000033_1": "拍摄证件的人像面",
    "zdoc_msg_no_card_00630000033_1": "请扫描证件的人像面",
    "zdoc_msg_wrong_card_00630000033_1": "请扫描证件的人像面",
    "zdoc_tips_00630000033_2": "拍摄证件的背面",
    "zdoc_msg_no_card_00630000033_2": "请扫描证件的背面",
    "zdoc_msg_wrong_card_00630000033_2": "请扫描证件的背面",
    "zdoc_tips_08520000001_1": "拍摄证件的人像面",
    "zdoc_msg_no_card_08520000001_1": "请扫描证件的人像面",
    "zdoc_msg_wrong_card_08520000001_1": "请扫描证件的人像面",
    "zdoc_tips_08520000002_1": "拍摄证件的人像面",
    "zdoc_msg_no_card_08520000002_1": "请扫描证件的人像面",
    "zdoc_msg_wrong_card_08520000002_1": "请扫描证件的人像面",
    "zdoc_tips_08530000001_1": "拍摄证件的人像面",
    "zdoc_msg_no_card_08530000001_1": "请扫描证件的人像面",
    "zdoc_msg_wrong_card_08530000001_1": "请扫描证件的人像面",
    "zdoc_tips_08530000001_2": "拍摄证件的背面",
    "zdoc_msg_no_card_08530000001_2": "请扫描证件的背面",
    "zdoc_msg_wrong_card_08530000001_2": "请扫描证件的背面",
    "zdoc_tips_00620000001_1": "拍摄证件的人像面",
    "zdoc_msg_no_card_00620000001_1": "请扫描证件的人像面",
    "zdoc_msg_wrong_card_00620000001_1": "请扫描证件的人像面",
    "zdoc_tips_00660000001_1": "拍摄证件的人像面",
    "zdoc_msg_no_card_00660000001_1": "请扫描证件的人像面",
    "zdoc_msg_wrong_card_00660000001_1": "请扫描证件的人像面",
    "zdoc_tips_00660000001_2": "拍摄证件的背面",
    "zdoc_msg_no_card_00660000001_2": "请扫描证件的背面",
    "zdoc_msg_wrong_card_00660000001_2": "请扫描证件的背面",
    "zdoc_tips_00000002001_1": "拍摄证件的人像面",
    "zdoc_msg_no_card_00000002001_1": "请扫描证件的人像面",
    "zdoc_msg_wrong_card_00000002001_1": "请扫描证件的人像面",
    "zdoc_tips_00000002001_2": "拍摄证件的背面",
    "zdoc_msg_no_card_00000002001_2": "请扫描证件的背面",
    "zdoc_msg_wrong_card_00000002001_2": "请扫描证件的背面",
    "zdoc_tips_00650000001_1": "拍摄证件的人像面",
    "zdoc_msg_no_card_00650000001_1": "请扫描证件的人像面",
    "zdoc_msg_wrong_card_00650000001_1": "请扫描证件的人像面",
    "zdoc_tips_00650000001_2": "拍摄证件的背面",
    "zdoc_msg_no_card_00650000001_2": "请扫描证件的背面",
    "zdoc_msg_wrong_card_00650000001_2": "请扫描证件的背面",
    "zdoc_tips_00650000002_1": "拍摄证件的人像面",
    "zdoc_msg_no_card_00650000002_1": "请扫描证件的人像面",
    "zdoc_msg_wrong_card_00650000002_1": "请扫描证件的人像面",
    "zdoc_tips_00650000002_2": "拍摄证件的背面",
    "zdoc_msg_no_card_00650000002_2": "请扫描证件的背面",
    "zdoc_msg_wrong_card_00650000002_2": "请扫描证件的背面",
    "zdoc_tips_00810000001_1": "拍摄证件的人像面",
    "zdoc_msg_no_card_00810000001_1": "请扫描证件的人像面",
    "zdoc_msg_wrong_card_00810000001_1": "请扫描证件的人像面",
    "zdoc_tips_08860000001_1": "拍摄证件的人像面",
    "zdoc_msg_no_card_08860000001_1": "请扫描证件的人像面",
    "zdoc_msg_wrong_card_08860000001_1": "请扫描证件的人像面",
              
    "zdoc_standard_frame_tips_00600000001_1": "拍摄证件的人像面",
    "zdoc_capture_00600000001_1": "请把证件放入框架内部，确保清晰无反光",
    "zdoc_confirm_00600000001_1": "请检查是否清晰，无反光，无遮挡",
    "zdoc_standard_frame_tips_00600000001_2": "拍摄证件的背面",
    "zdoc_capture_00600000001_2": "请把证件放入框架内部，确保清晰无反光",
    "zdoc_confirm_00600000001_2": "请检查是否清晰，无反光，无遮挡",
    "zdoc_tips_00600000001_1": "拍摄证件的人像面",
    "zdoc_msg_no_card_00600000001_1": "请扫描证件的人像面",
    "zdoc_msg_wrong_card_00600000001_1": "请扫描证件的人像面",
    "zdoc_tips_00600000001_2": "拍摄证件的背面",
    "zdoc_msg_no_card_00600000001_2": "请扫描证件的背面",
    "zdoc_msg_wrong_card_00600000001_2": "请扫描证件的背面",
              
    "zdoc_standard_frame_tips_00600000004_1": "拍摄证件的人像面",
    "zdoc_capture_00600000004_1": "请把证件放入框架内部，确保清晰无反光",
    "zdoc_confirm_00600000004_1": "请检查是否清晰，无反光，无遮挡",
    "zdoc_standard_frame_tips_00600000004_2": "拍摄证件的背面",
    "zdoc_capture_00600000004_2": "请把证件放入框架内部，确保清晰无反光",
    "zdoc_confirm_00600000004_2": "请检查是否清晰，无反光，无遮挡",
    "zdoc_tips_00600000004_1": "拍摄证件的人像面",
    "zdoc_msg_no_card_00600000004_1": "请扫描证件的人像面",
    "zdoc_msg_wrong_card_00600000004_1": "请扫描证件的人像面",
    "zdoc_tips_00600000004_2": "拍摄证件的背面",
    "zdoc_msg_no_card_00600000004_2": "请扫描证件的背面",
    "zdoc_msg_wrong_card_00600000004_2": "请扫描证件的背面",

    "zdoc_standard_frame_tips_00440000002_1": "拍摄证件的人像面",
    "zdoc_capture_00440000002_1": "请把证件放入框架内部，确保清晰无反光",
    "zdoc_confirm_00440000002_1": "请检查是否清晰，无反光，无遮挡",
    "zdoc_standard_frame_tips_00440000002_2": "拍摄证件的背面",
    "zdoc_capture_00440000002_2": "请把证件放入框架内部，确保清晰无反光",
    "zdoc_confirm_00440000002_2": "请检查是否清晰，无反光，无遮挡",
    "zdoc_tips_00440000002_1": "拍摄证件的人像面",
    "zdoc_msg_no_card_00440000002_1": "请扫描证件的人像面",
    "zdoc_msg_wrong_card_00440000002_1": "请扫描证件的人像面",
    "zdoc_tips_00440000002_2": "拍摄证件的背面",
    "zdoc_msg_no_card_00440000002_2": "请扫描证件的背面",
    "zdoc_msg_wrong_card_00440000002_2": "请扫描证件的背面",

    "zdoc_standard_frame_tips_09710000001_1": "拍摄证件的人像面",
    "zdoc_capture_09710000001_1": "请把证件放入框架内部，确保清晰无反光",
    "zdoc_confirm_09710000001_1": "请检查是否清晰，无反光，无遮挡",
    "zdoc_standard_frame_tips_09710000001_2": "拍摄证件的背面",
    "zdoc_capture_09710000001_2": "请把证件放入框架内部，确保清晰无反光",
    "zdoc_confirm_09710000001_2": "请检查是否清晰，无反光，无遮挡",
    "zdoc_tips_09710000001_1": "拍摄证件的人像面",
    "zdoc_msg_no_card_09710000001_1": "请扫描证件的人像面",
    "zdoc_msg_wrong_card_09710000001_1": "请扫描证件的人像面",
    "zdoc_tips_09710000001_2": "拍摄证件的背面",
    "zdoc_msg_no_card_09710000001_2": "请扫描证件的背面",
    "zdoc_msg_wrong_card_09710000001_2": "请扫描证件的背面",
              
    "zdoc_standard_frame_tips_00630000017_2": "拍摄证件的背面",
    "zdoc_capture_00630000017_2": "请把证件放入框架内部，确保清晰无反光",
    "zdoc_confirm_00630000017_2": "请检查是否清晰，无反光，无遮挡",
    "zdoc_tips_00630000017_2": "拍摄证件的背面",
    "zdoc_msg_no_card_00630000017_2": "请扫描证件的背面",
    "zdoc_msg_wrong_card_00630000017_2": "请扫描证件的背面",
    "zdoc_standard_frame_tips_00860000007_2": "拍摄身份证反面",
    "zdoc_capture_00860000007_2": "请把证件放入框架内部，确保清晰无反光",
    "zdoc_confirm_00860000007_2": "请检查是否清晰，无反光，无遮挡",
    "zdoc_tips_00860000007_2": "拍摄身份证反面",
    "zdoc_msg_no_card_00860000007_2": "请扫描证件的背面",
    "zdoc_msg_wrong_card_00860000007_2": "请扫描证件的背面",
    
    "zdoc_scan_tips_detail_lr": "请把手机从水平向左倾斜30°，调整线框和证件重合",
    "zdoc_scan_tips_detail_ud": "请把手机从水平向上倾斜30°，调整线框和证件重合",
    "zface_garfield_scan_face": "人脸检测中",
    "zface_garfield_show_face": "人脸检测中",
    "zface_head_up": "缓慢抬头",
    "zface_head_down": "缓慢点头",
    "zface_head_right": "缓慢向右转头",
    "zface_head_left": "缓慢向左转头",
    "zface_mouth_open": "张张嘴",
    "zface_challenge_end": "非常好",
    
    "znfc_start_read_title": "准备扫描",
    "znfc_start_read_sub_title": "将手机放在芯片区域并保持静止",
    "znfc_reading_title": "正在扫描",
    "znfc_reading_sub_title": "扫描时请保持静止",
    "znfc_readed_fail_title": "扫描失败",
    "znfc_readed_fail_sub_title": "抱歉，扫描失败，请重试",
    "znfc_readed_success_title": "扫描成功",
    "znfc_readed_success_sub_title": "恭喜，扫描成功",
    
    "zbehavior_captcha_fail_retry": "请再试一次",
    "zbehavior_user_back": "返回",
    "zbehavior_captcha_title": "操作验证"

}
