{
    "title_back": "",
    "system_error_title": "System error",
    "system_error_msg": "Sorry, system error. Please try again later.",
    "system_error_got_it": "Got it",
    "network_error_title": "Internet connection failed",
    "network_error_msg": "Please check your internet connection and try again.",
    "network_error_retry": "Retry",
    "network_error_exit": "Quit",
    "zdoc_title": "Take ID Photo",
    "zdoc_submit": "Submit",
    "zdoc_retry": "Retake",
    "zdoc_processing": "Processing...",
    "zdoc_success": "Processing...",
    "zdoc_user_cancel_title": "Are you sure to quit?",
    "zdoc_user_cancel_msg": "Please make sure your ID is clear and non-reflective, making it easier to succeed.",
    "zdoc_user_cancel_stay": "Retry",
    "zdoc_user_cancel_quit": "Quit",
    "zdoc_camera_permission_title": "No camera permission",
    "zdoc_camera_permission_msg": "Please allow the application to access your camera, or go back and try again.",
    "zdoc_camera_permission_not_allow": "Quit",
    "zdoc_camera_permission_settings": "Go Setting",
    "zdoc_retry_max_title": "Too many attempts",
    "zdoc_retry_max_msg": "You have reached the maximum number of attempts. Please try again later.",
    "zdoc_retry_max_got_it": "Got it",
    "zdoc_expired_document_title": "ID expired",
    "zdoc_expired_document_msg": "Make sure your ID is not expired.",
    "zdoc_noface_title": "ID not complete",
    "zdoc_noface_msg": "Please make sure the ID is fully visible, glare free and not blurred.",
    "zdoc_exposure_title": "ID not complete",
    "zdoc_exposure_msg": "Please make sure the ID is fully visible, glare free and not blurred.",
    "zdoc_blur_title": "ID not complete",
    "zdoc_blur_msg": "Please make sure the ID is fully visible, glare free and not blurred.",
    "zdoc_imperfect_title": "ID not complete",
    "zdoc_imperfect_msg": "Please make sure the ID is fully visible, glare free and not blurred.",
    "zdoc_wrong_document_title": "No ID detected",
    "zdoc_wrong_document_msg": "Make sure you are using the required type of ID.",
    "zdoc_unknow_title": "No ID detected",
    "zdoc_unknow_msg": "Make sure you are using the required type of ID.",
    "zdoc_no_document_title": "No ID detected",
    "zdoc_no_document_msg": "Make sure you are using the required type of ID.",
    "zdoc_dialog_close": "Quit",
    "zdoc_dialog_retry": "Retry",
    "zface_title": "Face Verification",
    "zface_no_face": "No qualified face detected",
    "zface_not_in_center": "No qualified face detected",
    "zface_bad_pitch": "Keep face in front view",
    "zface_bad_yaw": "Keep face in front view",
    "zface_bad_quality": "Keep face in front view",
    "zface_distance_too_far": "Move Closer",
    "zface_distance_too_close": "Move Further",
    "zface_bad_brightness": "Face Too Dark",
    "zface_bad_eye_openness": "Open Your Eyes",
    "zface_blink_openness": "Blink",
    "zface_stack_time": "Stay Still",
    "zface_is_blur": "Image Unclear",
    "zface_is_moving": "Image Unclear",
    "zface_processing": "Processing...",
    "zface_user_cancel_title": "Are you sure to quit?",
    "zface_user_cancel_msg": "Please face straight at the camera, making it easier to succeed.",
    "zface_user_cancel_stay": "Retry",
    "zface_user_cancel_quit": "Quit",
    "zface_camera_without_permission_title": "No camera permission",
    "zface_camera_without_permission_msg": "Please allow the application to access your camera, or go back and try again.",
    "zface_camera_without_permission_go_settings": "Go Setting",
    "zface_camera_without_permission_quit": "Quit",
    "zface_retry_max_title": "Too many attempts",
    "zface_retry_max_msg": "You have reached the maximum number of attempts. Please try again later.",
    "zface_retry_max_got_it": "Got it",
    "zface_scan_fail_title": "Face verification failed",
    "zface_scan_fail_msg": "Face straight at the phone and ensure your face is light and clear.",
    "zface_scan_fail_retry": "Retry",
    "zface_scan_fail_quit": "Quit",
    "zface_time_out_title": "Operation time out",
    "zface_time_out_msg": "Please face straight at the camera, making it easier to succeed.",
    "zface_time_out_retry": "Retry",
    "zface_time_out_quit": "Quit",
    "zface_interrupt_title": "Face verification interrupted.",
    "zface_interrupt_msg": "Please face straight at the camera, making it easier to succeed.",
    "zface_interrupt_retry": "Retry",
    "zface_interrupt_close": "Quit",
    "zface_device_unsupport_msg": "Face verification is not supported on this device.",
    "zface_device_unsupport_got_it": "Got it",
    "zface_camera_init_error_msg": "Face verification is not supported on this device.",
    "zface_camera_init_error_got_it": "Got it",
    "zdoc_passport_half_frame_tips_00000001003_1": "Front page of ID",
    "zdoc_capture_00000001003_1": "Place your ID within the frame and take a picture.",
    "zdoc_confirm_00000001003_1": "Make sure your ID is fully visible, glare free and not blurred.",
    "zdoc_standard_frame_tips_00860000001_1": "Front page of ID",
    "zdoc_capture_00860000001_1": "Place your ID within the frame and take a picture.",
    "zdoc_confirm_00860000001_1": "Make sure your ID is fully visible, glare free and not blurred.",
    "zdoc_standard_frame_tips_00860000001_2": "Back page of ID",
    "zdoc_capture_00860000001_2": "Place your ID within the frame and take a picture.",
    "zdoc_confirm_00860000001_2": "Make sure your ID is fully visible, glare free and not blurred.",
    "zdoc_standard_frame_tips_00860000006_1": "Front page of ID",
    "zdoc_capture_00860000006_1": "Place your ID within the frame and take a picture.",
    "zdoc_confirm_00860000006_1": "Make sure your ID is fully visible, glare free and not blurred.",
    "zdoc_standard_frame_tips_00860000006_2": "Back page of ID",
    "zdoc_capture_00860000006_2": "Place your ID within the frame and take a picture.",
    "zdoc_confirm_00860000006_2": "Make sure your ID is fully visible, glare free and not blurred.",
    "zdoc_standard_frame_tips_00860000007_1": "Front page of ID",
    "zdoc_capture_00860000007_1": "Place your ID within the frame and take a picture.",
    "zdoc_confirm_00860000007_1": "Make sure your ID is fully visible, glare free and not blurred.",
    "zdoc_standard_frame_tips_00860000011_1": "Front page of ID",
    "zdoc_capture_00860000011_1": "Place your ID within the frame and take a picture.",
    "zdoc_confirm_00860000011_1": "Make sure your ID is fully visible, glare free and not blurred.",
    "zdoc_scan_tips_detail": "Hold your card within the frame untill all 4 edges turn blue.",
    "zdoc_msg_too_far": "Move closer",
    "zdoc_msg_too_close": "Move farther",
    "zdoc_msg_integrity": "Move farther",
    "zdoc_msg_tilting": "Avoid tilting",
    "zdoc_msg_shadow": "Avoid shadow",
    "zdoc_msg_occlusion": "Avoid Occlusion",
    "zdoc_msg_reflection": "Avoid reflection",
    "zdoc_msg_blur": "ID is not clear",
    "zdoc_msg_stack_time": "Stay still",
    "zdoc_tips_00000001003_1": "Front page of ID",
    "zdoc_msg_no_card_00000001003_1": "Scan the front side of ID",
    "zdoc_msg_wrong_card_00000001003_1": "Scan the front side of ID",
    "zdoc_tips_00860000001_1": "Front page of ID",
    "zdoc_msg_no_card_00860000001_1": "Scan the front side of ID",
    "zdoc_msg_wrong_card_00860000001_1": "Scan the front side of ID",
    "zdoc_tips_00860000001_2": "Back page of ID",
    "zdoc_msg_no_card_00860000001_2": "Scan the back side of ID",
    "zdoc_msg_wrong_card_00860000001_2": "Scan the back side of ID",
    "zdoc_tips_00860000006_1": "Front page of ID",
    "zdoc_msg_no_card_00860000006_1": "Scan the front side of ID",
    "zdoc_msg_wrong_card_00860000006_1": "Scan the front side of ID",
    "zdoc_tips_00860000006_2": "Back page of ID",
    "zdoc_msg_no_card_00860000006_2": "Scan the back side of ID",
    "zdoc_msg_wrong_card_00860000006_2": "Scan the back side of ID",
    "zdoc_tips_00860000007_1": "Front page of ID",
    "zdoc_msg_no_card_00860000007_1": "Scan the front side of ID",
    "zdoc_msg_wrong_card_00860000007_1": "Scan the front side of ID",
    "zdoc_tips_00860000011_1": "Front page of ID",
    "zdoc_msg_no_card_00860000011_1": "Scan the front side of ID",
    "zdoc_msg_wrong_card_00860000011_1": "Scan the front side of ID",

    "zdoc_standard_frame_tips_00630000001_1": "Front page of ID",
    "zdoc_capture_00630000001_1": "Place your ID within the frame and take a picture.",
    "zdoc_confirm_00630000001_1": "Make sure your ID is fully visible, glare free and not blurred.",
    "zdoc_standard_frame_tips_00630000002_1": "Front page of ID",
    "zdoc_capture_00630000002_1": "Place your ID within the frame and take a picture.",
    "zdoc_confirm_00630000002_1": "Make sure your ID is fully visible, glare free and not blurred.",
    "zdoc_standard_frame_tips_00630000004_1": "Front page of ID",
    "zdoc_capture_00630000004_1": "Place your ID within the frame and take a picture.",
    "zdoc_confirm_00630000004_1": "Make sure your ID is fully visible, glare free and not blurred.",
    "zdoc_standard_frame_tips_00630000020_1": "Front page of ID",
    "zdoc_capture_00630000020_1": "Place your ID within the frame and take a picture.",
    "zdoc_confirm_00630000020_1": "Make sure your ID is fully visible, glare free and not blurred.",
    "zdoc_standard_frame_tips_00630000024_1": "Front page of ID",
    "zdoc_capture_00630000024_1": "Place your ID within the frame and take a picture.",
    "zdoc_confirm_00630000024_1": "Make sure your ID is fully visible, glare free and not blurred.",
    "zdoc_standard_frame_tips_00630000016_1": "Front page of ID",
    "zdoc_capture_00630000016_1": "Place your ID within the frame and take a picture.",
    "zdoc_confirm_00630000016_1": "Make sure your ID is fully visible, glare free and not blurred.",
    "zdoc_standard_frame_tips_00630000017_1": "Front page of ID",
    "zdoc_capture_00630000017_1": "Place your ID within the frame and take a picture.",
    "zdoc_confirm_00630000017_1": "Make sure your ID is fully visible, glare free and not blurred.",
    "zdoc_standard_frame_tips_00630000022_1": "Front page of ID",
    "zdoc_capture_00630000022_1": "Place your ID within the frame and take a picture.",
    "zdoc_confirm_00630000022_1": "Make sure your ID is fully visible, glare free and not blurred.",
    "zdoc_passport_half_frame_tips_00630000031_1": "Front page of ID",
    "zdoc_capture_00630000031_1": "Place your ID within the frame and take a picture.",
    "zdoc_confirm_00630000031_1": "Make sure your ID is fully visible, glare free and not blurred.",
    "zdoc_passport_half_frame_tips_00630000031_2": "Back page of ID",
    "zdoc_capture_00630000031_2": "Place your ID within the frame and take a picture.",
    "zdoc_confirm_00630000031_2": "Make sure your ID is fully visible, glare free and not blurred.",
    "zdoc_passport_half_frame_tips_00630000032_1": "Front page of ID",
    "zdoc_capture_00630000032_1": "Place your ID within the frame and take a picture.",
    "zdoc_confirm_00630000032_1": "Make sure your ID is fully visible, glare free and not blurred.",
    "zdoc_passport_half_frame_tips_00630000032_2": "Back page of ID",
    "zdoc_capture_00630000032_2": "Place your ID within the frame and take a picture.",
    "zdoc_confirm_00630000032_2": "Make sure your ID is fully visible, glare free and not blurred.",
    "zdoc_passport_half_frame_tips_00630000028_1": "Front page of ID",
    "zdoc_capture_00630000028_1": "Place your ID within the frame and take a picture.",
    "zdoc_confirm_00630000028_1": "Make sure your ID is fully visible, glare free and not blurred.",
    "zdoc_standard_frame_tips_00630000033_1": "Front page of ID",
    "zdoc_capture_00630000033_1": "Place your ID within the frame and take a picture.",
    "zdoc_confirm_00630000033_1": "Make sure your ID is fully visible, glare free and not blurred.",
    "zdoc_standard_frame_tips_00630000033_2": "Back page of ID",
    "zdoc_capture_00630000033_2": "Place your ID within the frame and take a picture.",
    "zdoc_confirm_00630000033_2": "Make sure your ID is fully visible, glare free and not blurred.",
    "zdoc_standard_frame_tips_08520000001_1": "Front page of ID",
    "zdoc_capture_08520000001_1": "Place your ID within the frame and take a picture.",
    "zdoc_confirm_08520000001_1": "Make sure your ID is fully visible, glare free and not blurred.",
    "zdoc_standard_frame_tips_08520000002_1": "Front page of ID",
    "zdoc_capture_08520000002_1": "Place your ID within the frame and take a picture.",
    "zdoc_confirm_08520000002_1": "Make sure your ID is fully visible, glare free and not blurred.",
    "zdoc_standard_frame_tips_08530000001_1": "Front page of ID",
    "zdoc_capture_08530000001_1": "Place your ID within the frame and take a picture.",
    "zdoc_confirm_08530000001_1": "Make sure your ID is fully visible, glare free and not blurred.",
    "zdoc_standard_frame_tips_08530000001_2": "Back page of ID",
    "zdoc_capture_08530000001_2": "Place your ID within the frame and take a picture.",
    "zdoc_confirm_08530000001_2": "Make sure your ID is fully visible, glare free and not blurred.",
    "zdoc_standard_frame_tips_00620000001_1": "Front page of ID",
    "zdoc_capture_00620000001_1": "Place your ID within the frame and take a picture.",
    "zdoc_confirm_00620000001_1": "Make sure your ID is fully visible, glare free and not blurred.",
    "zdoc_standard_frame_tips_00660000001_1": "Front page of ID",
    "zdoc_capture_00660000001_1": "Place your ID within the frame and take a picture.",
    "zdoc_confirm_00660000001_1": "Make sure your ID is fully visible, glare free and not blurred.",
    "zdoc_standard_frame_tips_00660000001_2": "Back page of ID",
    "zdoc_capture_00660000001_2": "Place your ID within the frame and take a picture.",
    "zdoc_confirm_00660000001_2": "Make sure your ID is fully visible, glare free and not blurred.",
    "zdoc_standard_frame_tips_00000002001_1": "Front page of ID",
    "zdoc_capture_00000002001_1": "Place your ID within the frame and take a picture.",
    "zdoc_confirm_00000002001_1": "Make sure your ID is fully visible, glare free and not blurred.",
    "zdoc_standard_frame_tips_00000002001_2": "Back page of ID",
    "zdoc_capture_00000002001_2": "Place your ID within the frame and take a picture.",
    "zdoc_confirm_00000002001_2": "Make sure your ID is fully visible, glare free and not blurred.",
    "zdoc_standard_frame_tips_00650000001_1": "Front page of ID",
    "zdoc_capture_00650000001_1": "Place your ID within the frame and take a picture.",
    "zdoc_confirm_00650000001_1": "Make sure your ID is fully visible, glare free and not blurred.",
    "zdoc_standard_frame_tips_00650000001_2": "Back page of ID",
    "zdoc_capture_00650000001_2": "Place your ID within the frame and take a picture.",
    "zdoc_confirm_00650000001_2": "Make sure your ID is fully visible, glare free and not blurred.",
    "zdoc_standard_frame_tips_00650000002_1": "Front page of ID",
    "zdoc_capture_00650000002_1": "Place your ID within the frame and take a picture.",
    "zdoc_confirm_00650000002_1": "Make sure your ID is fully visible, glare free and not blurred.",
    "zdoc_standard_frame_tips_00650000002_2": "Back page of ID",
    "zdoc_capture_00650000002_2": "Place your ID within the frame and take a picture.",
    "zdoc_confirm_00650000002_2": "Make sure your ID is fully visible, glare free and not blurred.",
    "zdoc_standard_frame_tips_00810000001_1": "Front page of ID",
    "zdoc_capture_00810000001_1": "Place your ID within the frame and take a picture.",
    "zdoc_confirm_00810000001_1": "Make sure your ID is fully visible, glare free and not blurred.",
    "zdoc_standard_frame_tips_08860000001_1": "Front page of ID",
    "zdoc_capture_08860000001_1": "Place your ID within the frame and take a picture.",
    "zdoc_confirm_08860000001_1": "Make sure your ID is fully visible, glare free and not blurred.",
    "zdoc_tips_00630000001_1": "Front page of ID",
    "zdoc_msg_no_card_00630000001_1": "Scan the front side of ID",
    "zdoc_msg_wrong_card_00630000001_1": "Scan the front side of ID",
    "zdoc_tips_00630000002_1": "Front page of ID",
    "zdoc_msg_no_card_00630000002_1": "Scan the front side of ID",
    "zdoc_msg_wrong_card_00630000002_1": "Scan the front side of ID",
    "zdoc_tips_00630000004_1": "Front page of ID",
    "zdoc_msg_no_card_00630000004_1": "Scan the front side of ID",
    "zdoc_msg_wrong_card_00630000004_1": "Scan the front side of ID",
    "zdoc_tips_00630000020_1": "Front page of ID",
    "zdoc_msg_no_card_00630000020_1": "Scan the front side of ID",
    "zdoc_msg_wrong_card_00630000020_1": "Scan the front side of ID",
    "zdoc_tips_00630000024_1": "Front page of ID",
    "zdoc_msg_no_card_00630000024_1": "Scan the front side of ID",
    "zdoc_msg_wrong_card_00630000024_1": "Scan the front side of ID",
    "zdoc_tips_00630000016_1": "Front page of ID",
    "zdoc_msg_no_card_00630000016_1": "Scan the front side of ID",
    "zdoc_msg_wrong_card_00630000016_1": "Scan the front side of ID",
    "zdoc_tips_00630000017_1": "Front page of ID",
    "zdoc_msg_no_card_00630000017_1": "Scan the front side of ID",
    "zdoc_msg_wrong_card_00630000017_1": "Scan the front side of ID",
    "zdoc_tips_00630000022_1": "Front page of ID",
    "zdoc_msg_no_card_00630000022_1": "Scan the front side of ID",
    "zdoc_msg_wrong_card_00630000022_1": "Scan the front side of ID",
    "zdoc_tips_00630000031_1": "Front page of ID",
    "zdoc_msg_no_card_00630000031_1": "Scan the front side of ID",
    "zdoc_msg_wrong_card_00630000031_1": "Scan the front side of ID",
    "zdoc_tips_00630000031_2": "Back page of ID",
    "zdoc_msg_no_card_00630000031_2": "Scan the back side of ID",
    "zdoc_msg_wrong_card_00630000031_2": "Scan the back side of ID",
    "zdoc_tips_00630000032_1": "Front page of ID",
    "zdoc_msg_no_card_00630000032_1": "Scan the front side of ID",
    "zdoc_msg_wrong_card_00630000032_1": "Scan the front side of ID",
    "zdoc_tips_00630000032_2": "Back page of ID",
    "zdoc_msg_no_card_00630000032_2": "Scan the back side of ID",
    "zdoc_msg_wrong_card_00630000032_2": "Scan the back side of ID",
    "zdoc_tips_00630000028_1": "Front page of ID",
    "zdoc_msg_no_card_00630000028_1": "Scan the front side of ID",
    "zdoc_msg_wrong_card_00630000028_1": "Scan the front side of ID",
    "zdoc_tips_00630000033_1": "Front page of ID",
    "zdoc_msg_no_card_00630000033_1": "Scan the front side of ID",
    "zdoc_msg_wrong_card_00630000033_1": "Scan the front side of ID",
    "zdoc_tips_00630000033_2": "Back page of ID",
    "zdoc_msg_no_card_00630000033_2": "Scan the back side of ID",
    "zdoc_msg_wrong_card_00630000033_2": "Scan the back side of ID",
    "zdoc_tips_08520000001_1": "Front page of ID",
    "zdoc_msg_no_card_08520000001_1": "Scan the front side of ID",
    "zdoc_msg_wrong_card_08520000001_1": "Scan the front side of ID",
    "zdoc_tips_08520000002_1": "Front page of ID",
    "zdoc_msg_no_card_08520000002_1": "Scan the front side of ID",
    "zdoc_msg_wrong_card_08520000002_1": "Scan the front side of ID",
    "zdoc_tips_08530000001_1": "Front page of ID",
    "zdoc_msg_no_card_08530000001_1": "Scan the front side of ID",
    "zdoc_msg_wrong_card_08530000001_1": "Scan the front side of ID",
    "zdoc_tips_08530000001_2": "Back page of ID",
    "zdoc_msg_no_card_08530000001_2": "Scan the back side of ID",
    "zdoc_msg_wrong_card_08530000001_2": "Scan the back side of ID",
    "zdoc_tips_00620000001_1": "Front page of ID",
    "zdoc_msg_no_card_00620000001_1": "Scan the front side of ID",
    "zdoc_msg_wrong_card_00620000001_1": "Scan the front side of ID",
    "zdoc_tips_00660000001_1": "Front page of ID",
    "zdoc_msg_no_card_00660000001_1": "Scan the front side of ID",
    "zdoc_msg_wrong_card_00660000001_1": "Scan the front side of ID",
    "zdoc_tips_00660000001_2": "Back page of ID",
    "zdoc_msg_no_card_00660000001_2": "Scan the back side of ID",
    "zdoc_msg_wrong_card_00660000001_2": "Scan the back side of ID",
    "zdoc_tips_00000002001_1": "Front page of ID",
    "zdoc_msg_no_card_00000002001_1": "Scan the front side of ID",
    "zdoc_msg_wrong_card_00000002001_1": "Scan the front side of ID",
    "zdoc_tips_00000002001_2": "Back page of ID",
    "zdoc_msg_no_card_00000002001_2": "Scan the back side of ID",
    "zdoc_msg_wrong_card_00000002001_2": "Scan the back side of ID",
    "zdoc_tips_00650000001_1": "Front page of ID",
    "zdoc_msg_no_card_00650000001_1": "Scan the front side of ID",
    "zdoc_msg_wrong_card_00650000001_1": "Scan the front side of ID",
    "zdoc_tips_00650000001_2": "Back page of ID",
    "zdoc_msg_no_card_00650000001_2": "Scan the back side of ID",
    "zdoc_msg_wrong_card_00650000001_2": "Scan the back side of ID",
    "zdoc_tips_00650000002_1": "Front page of ID",
    "zdoc_msg_no_card_00650000002_1": "Scan the front side of ID",
    "zdoc_msg_wrong_card_00650000002_1": "Scan the front side of ID",
    "zdoc_tips_00650000002_2": "Back page of ID",
    "zdoc_msg_no_card_00650000002_2": "Scan the back side of ID",
    "zdoc_msg_wrong_card_00650000002_2": "Scan the back side of ID",
    "zdoc_tips_00810000001_1": "Front page of ID",
    "zdoc_msg_no_card_00810000001_1": "Scan the front side of ID",
    "zdoc_msg_wrong_card_00810000001_1": "Scan the front side of ID",
    "zdoc_tips_08860000001_1": "Front page of ID",
    "zdoc_msg_no_card_08860000001_1": "Scan the front side of ID",
    "zdoc_msg_wrong_card_08860000001_1": "Scan the front side of ID",

    "zdoc_standard_frame_tips_00600000001_1": "Front page of ID",
    "zdoc_capture_00600000001_1": "Place your ID within the frame and take a picture.",
    "zdoc_confirm_00600000001_1": "Make sure your ID is fully visible, glare free and not blurred.",
    "zdoc_standard_frame_tips_00600000001_2": "Back page of ID",
    "zdoc_capture_00600000001_2": "Place your ID within the frame and take a picture.",
    "zdoc_confirm_00600000001_2": "Make sure your ID is fully visible, glare free and not blurred.",
    "zdoc_tips_00600000001_1": "Front page of ID",
    "zdoc_msg_no_card_00600000001_1": "Scan the front side of ID",
    "zdoc_msg_wrong_card_00600000001_1": "Scan the front side of ID",
    "zdoc_tips_00600000001_2": "Back page of ID",
    "zdoc_msg_no_card_00600000001_2": "Scan the back side of ID",
    "zdoc_msg_wrong_card_00600000001_2": "Scan the back side of ID",
    
    "zdoc_standard_frame_tips_00600000004_1": "Front page of ID",
    "zdoc_capture_00600000004_1": "Place your ID within the frame and take a picture.",
    "zdoc_confirm_00600000004_1": "Make sure your ID is fully visible, glare free and not blurred.",
    "zdoc_standard_frame_tips_00600000004_2": "Back page of ID",
    "zdoc_capture_00600000004_2": "Place your ID within the frame and take a picture.",
    "zdoc_confirm_00600000004_2": "Make sure your ID is fully visible, glare free and not blurred.",
    "zdoc_tips_00600000004_1": "Front page of ID",
    "zdoc_msg_no_card_00600000004_1": "Scan the front side of ID",
    "zdoc_msg_wrong_card_00600000004_1": "Scan the front side of ID",
    "zdoc_tips_00600000004_2": "Back page of ID",
    "zdoc_msg_no_card_00600000004_2": "Scan the back side of ID",
    "zdoc_msg_wrong_card_00600000004_2": "Scan the back side of ID",

    "zdoc_standard_frame_tips_00440000002_1": "Front page of ID",
    "zdoc_capture_00440000002_1": "Place your ID within the frame and take a picture.",
    "zdoc_confirm_00440000002_1": "Make sure your ID is fully visible, glare free and not blurred.",
    "zdoc_standard_frame_tips_00440000002_2": "Back page of ID",
    "zdoc_capture_00440000002_2": "Place your ID within the frame and take a picture.",
    "zdoc_confirm_00440000002_2": "Make sure your ID is fully visible, glare free and not blurred.",
    "zdoc_tips_00440000002_1": "Front page of ID",
    "zdoc_msg_no_card_00440000002_1": "Scan the front side of ID",
    "zdoc_msg_wrong_card_00440000002_1": "Scan the front side of ID",
    "zdoc_tips_00440000002_2": "Back page of ID",
    "zdoc_msg_no_card_00440000002_2": "Scan the back side of ID",
    "zdoc_msg_wrong_card_00440000002_2": "Scan the back side of ID",

    "zdoc_standard_frame_tips_09710000001_1": "Front page of ID",
    "zdoc_capture_09710000001_1": "Place your ID within the frame and take a picture.",
    "zdoc_confirm_09710000001_1": "Make sure your ID is fully visible, glare free and not blurred.",
    "zdoc_standard_frame_tips_09710000001_2": "Back page of ID",
    "zdoc_capture_09710000001_2": "Place your ID within the frame and take a picture.",
    "zdoc_confirm_09710000001_2": "Make sure your ID is fully visible, glare free and not blurred.",
    "zdoc_tips_09710000001_1": "Front page of ID",
    "zdoc_msg_no_card_09710000001_1": "Scan the front side of ID",
    "zdoc_msg_wrong_card_09710000001_1": "Scan the front side of ID",
    "zdoc_tips_09710000001_2": "Back page of ID",
    "zdoc_msg_no_card_09710000001_2": "Scan the back side of ID",
    "zdoc_msg_wrong_card_09710000001_2": "Scan the back side of ID",
    
    "zdoc_standard_frame_tips_00630000017_2": "Back page of ID",
    "zdoc_capture_00630000017_2": "Place your ID within the frame and take a picture.",
    "zdoc_confirm_00630000017_2": "Make sure your ID is fully visible, glare free and not blurred.",
    "zdoc_tips_00630000017_2": "Back page of ID",
    "zdoc_msg_no_card_00630000017_2": "Scan the back side of ID",
    "zdoc_msg_wrong_card_00630000017_2": "Scan the back side of ID",
    "zdoc_standard_frame_tips_00860000007_2": "Back page of ID",
    "zdoc_capture_00860000007_2": "Place your ID within the frame and take a picture.",
    "zdoc_confirm_00860000007_2": "Make sure your ID is fully visible, glare free and not blurred.",
    "zdoc_tips_00860000007_2": "Back page of ID",
    "zdoc_msg_no_card_00860000007_2": "Scan the back side of ID",
    "zdoc_msg_wrong_card_00860000007_2": "Scan the back side of ID",


    
    
    "zdoc_scan_tips_detail_lr": "please tilt your phone by 30° to the left to take a photo",
    "zdoc_scan_tips_detail_ud": "please tilt your phone upwards by 30° to take a photo",
    "zface_garfield_scan_face": "Face scan",
    "zface_garfield_show_face": "Show your face",
    "zface_head_up": "Head up slowly",
    "zface_head_down": "Head down slowly",
    "zface_head_right": "Turn your head to the right",
    "zface_head_left": "Turn your head to the left",
    "zface_mouth_open": "Open your mouth",
    "zface_challenge_end": "Perfect",
    
    "znfc_start_read_title": "Ready to Scan",
    "znfc_start_read_sub_title": "Place phone touching the chip area and keep still..",
    "znfc_reading_title": "Scanning",
    "znfc_reading_sub_title": "Please keep still while reading",
    "znfc_readed_fail_title": "Scan Failed",
    "znfc_readed_fail_sub_title": "Sorry,scanning failed, please try again",
    "znfc_readed_success_title": "Scan Succeeded",
    "znfc_readed_success_sub_title": "Congratulations, scanning succeeded",
    
    "zbehavior_captcha_fail_retry": "Please try again",
    "zbehavior_user_back": "Back",
    "zbehavior_captcha_title": "Behaviour Verify"

}
